card_code,character,series,print_number,edition,rarity,limited,banner,position,art_number,condition_stars,tag,favorite,owner_name
v460l0j,Eton Mess,Food Fantasy,4741,3,,,,,,3,,0,carina920
v4sqf88,Strawberry,Food Fantasy,24954,3,,,,,,2,,0,carina920
v806d8j,Thirteen,Scissor Seven,5870,6,,,,,,0,,0,carina920
v8079g4,Yui,Sword Art Online,13939,4,,,,,,2,,0,carina920
v8083zv,Maki Zenin,Jujutsu Kaisen,13034,4,,,,,,2,,0,carina920
v80cgmj,Ashido Kanou,Bleach,1182,4,,,,,,1,,0,carina920
v80dkf0,Aradanish,Genshin Impact,38565,1,,,,,,2,,0,carina920
v80f9mz,Urara Shiraishi,Yamada-kun and the Seven Witches,13075,4,,,,,,4,,0,carina920
v80l6t0,Silica,Sword Art Online,4301,7,,,,,,1,,0,carina920
v80lrv9,Falin (Chimera),Dungeon Meshi,4313,4,,,,,,2,,0,carina920
v80t05c,Rin Itoshi,Blue Lock,3702,7,,,,,,4,,0,carina920
v80tfwf,Eren Jaeger,Attack on Titan,19428,2,,,,,,4,,0,carina920
v8200xh,Ling Ling,Kowloon Generic Romance,2884,2,,,,,,1,,0,haide0309
v820531,Launch,Dragon Ball,1,2,,,,,,3,,0,carina920
v8206m0,Ash's Charmander,Pokémon,84272,1,,,,,,1,,0,haide0309
v820kk0,Navi,Persona 5 the Animation,41840,2,,,,,,3,,0,carina920
v820m7k,Alisa Haiba,Haikyuu!!: Riku vs. Kuu,19407,4,,,,,,2,,0,haide0309
v820ndq,Ramuh,Final Fantasy XV,2005,1,,,,,,1,,0,haide0309
v8214f0,Turtle,Heaven's Design Team,47049,2,,,,,,2,,0,haide0309
v82291v,Corin Wickes,Zenless Zone Zero,1981,4,,,,,,1,,0,haide0309
v822n5q,Yui Saitou,And you thought there is never a girl online?,15223,4,,,,,,1,,0,haide0309
v822x0k,Bron,Shaman King (2021),7356,4,,,,,,2,,0,haide0309
v8249jd,Urara Shiraishi,Yamada-kun and the Seven Witches,7529,6,,,,,,4,,0,haide0309
v8249lm,Lyney,Genshin Impact,7352,4,,,,,,2,,0,haide0309
v824hqr,Tensa Zangetsu,Bleach,1959,4,,,,,,2,,0,carina920
v824qrd,Doumon,Digimon Ghost Game,10525,3,,,,,,2,,0,haide0309
v82508f,Hibiki Sakura,How Heavy Are the Dumbbells You Lift?,3934,7,,,,,,2,,0,carina920
v8283n8,Aradashan,Genshin Impact,38700,1,,,,,,0,,0,carina920
v828s9j,Mata Hari,Fate/Grand Order,95,5,,,,,,3,,0,carina920
v829w6t,Dahlia,Genshin Impact,4958,1,,,,,,2,,0,carina920
v82b892,Rokuta Kamado,Demon Slayer: Kimetsu no Yaiba,32581,3,,,,,,3,,0,carina920
v82f1w7,Mina Ashiro,Kaiju No. 8,32654,2,,,,,,1,,0,carina920
v82g9s4,Brock,Pokémon,20513,4,,,,,,0,,0,carina920
v82gd5s,Enmu's Hand,Demon Slayer: Kimetsu no Yaiba the Movie: Mugen Train,18141,3,,,,,,2,,0,carina920
v82h4sp,Growlie,Pokémon,84091,1,,,,,,2,,0,haide0309
v82h63s,Kakeru Naruse,Orange,95,2,,,,,,1,,0,haide0309
v82h6xl,Lee Jin Sung,Lookism,2568,1,,,,,,1,,0,haide0309
v82hhhx,Hikari Sakishima,Nagi no Asukara,3780,7,,,,,,2,,0,haide0309
v82j340,Knuckle Bine,Hunter x Hunter (2011),4521,4,,,,,,1,,0,carina920
v82khx9,Dracmon,Digimon Xros Wars: Toki o Kakeru Shounen Hunter-tachi,18704,3,,,,,,2,,0,haide0309
v82kp14,Arvind Ravi,Planetes,1,2,,,,,,2,,0,haide0309
v82kwt5,Cleopatra,Fate/Grand Order,20698,3,,,,,,2,,0,haide0309
v82mvx9,Kaoru Sakurayashiki,SK8 the Infinity,7257,6,,,,,,2,,0,carina920
v82ncjf,Afro-Ken,Afro-Ken,22352,3,,,,,,1,,0,haide0309
v82njjp,Arriet,Granblue Fantasy,44473,2,,,,,,2,,0,haide0309
v82p7ts,David Martinez,Cyberpunk: Edgerunners,7830,4,,,,,,2,,0,haide0309
v82p9jj,Geppetto Bosconovitch,Tekken 3,5672,6,,,,,,0,,0,haide0309
v82pls4,Haku,Koi to Producer: EVOL×LOVE,17297,3,,,,,,0,,0,haide0309
v82pq4n,Seijuurou Akashi,Kuroko's Basketball,17291,1,,,,,,3,,0,carina920
v82pw2z,Bellossom,Pokémon,83643,1,,,,,,3,,0,haide0309
v82pw3n,Zodd,Berserk,48200,2,,,,,,1,,0,haide0309
v82pzgw,Penny Polendina,RWBY,19015,2,,,,,,3,,0,carina920
v82q92w,Bonolenov,Hunter x Hunter,5915,6,,,,,,2,,0,haide0309
v82q9vc,Asta,Black Clover,8887,5,,,,,,2,,0,carina920
v82qm46,Kensei Muguruma,Bleach,30723,3,,,,,,1,,0,haide0309
v82qrcc,Gazelle,I've Somehow Gotten Stronger When I Improved My Farm-Related Skills,9404,3,,,,,,0,,0,haide0309
v82qvjz,Sora,Beast Tamer,6289,6,,,,,,1,,0,haide0309
v82rptc,Mio,Dororo,22848,2,,,,,,2,,0,haide0309
v82rt2q,Mew,Mewkledreamy,20319,4,,,,,,2,,0,haide0309
v82w6xr,Arnes,KonoSuba: An Explosion on this Wonderful World!,2169,1,,,,,,2,,0,haide0309
v82wbhm,Kiki,Kiki's Delivery Service,16426,3,,,,,,3,,0,carina920
v82whbt,Yuka Hashimoto,Extreme Hearts,12672,2,,,,,,4,,0,haide0309
v82wk18,Tomoe Gozen,Fate/Grand Order,12438,4,,,,,,4,,0,haide0309
v82wn8k,Asari Neo,Gakuen iDOLM@STER,1409,1,,,,,,4,,0,haide0309
v82wnhn,Gorou,Genshin Impact,6152,6,,,,,,2,,0,haide0309
v82x4d7,Dainsleif,Genshin Impact,50785,2,,,,,,2,,0,carina920
v82zdxf,Red Force,One Piece,82903,1,,,,,,1,,0,haide0309
v82zgr7,Kokushibou,Demon Slayer: Kimetsu no Yaiba: Swordsmith Village Arc,31200,1,,,,,,3,,0,carina920
v82zhk6,Spicy Gluten,Food Fantasy,50910,2,,,,,,2,,0,haide0309
v82ztn5,Ymir Fritz,Attack on Titan: The Final Season,23696,3,,,,,,3,,0,haide0309
v82ztnb,Jayce,Arcane,18477,3,,,,,,1,,0,carina920
v82zx08,Dodoco,Genshin Impact,17692,2,,,,,,0,,0,carina920
v82zzpj,Mystia Lorelei,Touhou Project,3996,5,,,,,,1,,0,haide0309
v85072r,Schwi Dola,No Game No Life: Zero,17747,3,,,,,,2,,0,carina920
v8507df,Chuuya Nakahara,Bungou Stray Dogs,6219,6,,,,,,2,,0,carina920
v850sfq,Genya Shinazugawa,Demon Slayer: Kimetsu no Yaiba,24770,2,,,,,,1,,0,carina920
v8517lk,The Freeze,Cardcaptor Sakura,32247,3,,,,,,4,,0,carina920
v852s4q,Rin,Shelter,6881,6,,,,,,2,,0,carina920
v852v9s,Yuuko Kanoe,Dusk Maiden of Amnesia,3971,7,,,,,,4,,0,carina920
v852vjs,Dragon & Phoenix,Food Fantasy,32514,3,,,,,,2,,0,carina920
v8541vz,Ichigo Momomiya,Tokyo Mew Mew,84306,1,,,,,,4,,0,carina920
v8552lz,Suzuha Amane,Steins;Gate,13215,4,,,,,,2,,0,carina920
v8554hb,Ami Mizuno,Sailor Moon,19066,3,,,,,,4,,0,carina920
v85579q,Lisa Lisa,JoJo's Bizarre Adventure,8441,5,,,,,,0,,0,carina920
v8567h1,Homura Kogetsu,Edens Zero,17941,3,,,,,,1,,0,carina920
v856g8l,Black Tea (SP),Food Fantasy,14152,2,,,,,,3,,0,carina920
v856jgm,Nagisa Hazuki,Free! - Iwatobi Swim Club,17906,3,,,,,,4,,0,carina920
v857wtj,Chika Komari,Makeine: Too Many Losing Heroines!,367,7,,,,,,1,,0,carina920
v858dvg,Yuna,Sword Art Online Movie: Ordinal Scale,20,8,,,,,,2,,0,carina920
v85bxqk,Takashi Natsume,Natsume's Book of Friends,186,3,,,,,,4,,0,carina920
v85cr50,Eous,Zenless Zone Zero,2487,7,,,,,,0,,0,carina920
v85d8mg,Tangyuan,Food Fantasy,19807,4,,,,,,4,,0,carina920
v85dnlg,Amu Hinamori,Shugo Chara!,84045,1,,,,,,1,,0,carina920
v85fd5h,Grisha Jaeger,Attack on Titan,16916,3,,,,,,3,,0,carina920
v85hp76,Arakara,Genshin Impact,38836,1,,,,,,2,,0,carina920
v85m8h8,Erwin Smith,Attack on Titan,12718,4,,,,,,3,,0,carina920
v85q1q6,The Change,Cardcaptor Sakura,32303,3,,,,,,4,,0,carina920
v85q4nt,Shana,Shakugan no Shana,51827,2,,,,,,4,,0,carina920
v85q59k,Momo Hinamori,Bleach,1094,6,,,,,,2,,0,carina920
v85qg60,Eiko Tsukimi,Ya Boy Kongming!,7308,6,,,,,,3,,0,carina920
v85qhjf,Jiji,Kiki's Delivery Service,6090,6,,,,,,2,,0,carina920
v85thbj,Connie Springer,Attack on Titan,23190,2,,,,,,4,,0,carina920
v85tq91,Tomoe,Kamisama Kiss,12234,4,,,,,,2,,0,carina920
v85tzzg,Sabito,Demon Slayer: Kimetsu no Yaiba,32438,3,,,,,,1,,0,carina920
v85vxt0,Stargazy Pie,Food Fantasy,8940,4,,,,,,2,,0,carina920
v85wkw8,Old Man Zangetsu,Bleach,1242,5,,,,,,2,,0,carina920
v85x70l,Wise,Zenless Zone Zero,1776,2,,,,,,2,,0,carina920
v85xk8p,Yanqing,Honkai: Star Rail,1496,6,,,,,,3,,0,carina920
v85z7v0,Kanae Kochou,Demon Slayer: Kimetsu no Yaiba,26490,3,,,,,,3,,0,carina920
v85zq9l,Salty Licorice,Food Fantasy,10273,3,,,,,,2,,0,carina920
v8b0638,Freminet,Genshin Impact,1008,6,,,,,,1,,0,carina920
v8b07gk,Itsuki Nakano,The Quintessential Quintuplets,12645,4,,,,,,4,,0,carina920
v8b0gjc,Shuichi Saihara,Danganronpa V3: Killing Harmony,3979,7,,,,,,1,,0,carina920
v8b0nmh,Archer,Fate/stay night,4193,7,,,,,,1,,0,carina920
v8b186j,Sawako Kuronuma,Kimi ni Todoke - From Me to You,5991,6,,,,,,2,,0,carina920
v8b1jlj,Destiny,takt op.Destiny,6330,6,,,,,,1,,0,carina920
v8b22bk,Kanato Sakamaki,Diabolik Lovers,21597,1,,,,,,3,,0,carina920
v8b23b5,Silence Suzuka,Uma Musume: Pretty Derby,16811,3,,,,,,2,,0,carina920
v8b7jkc,Claire Kagenou,The Eminence in Shadow,5153,4,,,,,,2,,0,haide0309
v8b7q27,Ryouhei Arisu,Imawa no Kuni no Alice CM,119,2,,,,,,1,,0,haide0309
v8b7zn5,Sayaka Maizono,Danganronpa: The Animation,15910,4,,,,,,3,,0,carina920
v8b7znk,ae-GISELLE,Epic Seven,9187,2,,,,,,1,,0,haide0309
v8b822x,Ai Hoshino,Oshi no Ko,13060,4,,,,,,2,,0,carina920
v8b838v,Schwartz von Liechtenstein Lohengramm,Life with an Ordinary Guy Who Reincarnated into a Total Fantasy Knockout,56,8,,,,,,3,,0,carina920
v8b85lc,Morganite,Land of the Lustrous,19630,4,,,,,,0,,0,haide0309
v8b85nq,Shiro,Deadman Wonderland,17503,3,,,,,,4,,0,carina920
v8b88hr,Ritsuka Fujimaru,Fate/Grand Order,20447,4,,,,,,2,,0,haide0309
v8b8bmx,Falco Grice,Attack on Titan: The Final Season,20884,4,,,,,,0,,0,carina920
v8b8d69,Inuyasha,InuYasha,12081,4,,,,,,2,,0,haide0309
v8b8h06,Adrian Alucard Tepes,Castlevania,4137,7,,,,,,3,,0,carina920
v8b9140,Enmu,Demon Slayer: Kimetsu no Yaiba,4162,7,,,,,,3,,0,carina920
v8b92g8,Soldier 0,Zenless Zone Zero,2138,1,,,,,,3,,0,carina920
v8b9mvq,Hinata Tachibana,Tokyo Revengers,17639,3,,,,,,3,,0,carina920
v8b9p85,Luka,Honkai: Star Rail,5551,1,,,,,,1,,0,carina920
v8b9shb,Mirio Togata,My Hero Academia 3,17634,3,,,,,,1,,0,carina920
v8bbwsw,Rui Kamishiro,Project SEKAI COLORFUL STAGE! feat. Hatsune Miku,11199,4,,,,,,2,,0,carina920
v8bfbl3,Daiki Aomine,Kuroko's Basketball,6337,6,,,,,,3,,0,carina920
v8bfh3x,Iansan,Genshin Impact,1868,3,,,,,,2,,0,carina920
v8bfjvh,Mirajane Strauss,Fairy Tail,16122,1,,,,,,0,,0,carina920
v8bfwz8,Risotto Nero,JoJo's Bizarre Adventure: Golden Wind,20277,4,,,,,,2,,0,carina920
v8bfx24,Yellow Pea Cake,Food Fantasy,11184,3,,,,,,0,,0,carina920
v8bgf93,Tony Tony Chopper,One Piece,6090,6,,,,,,1,,0,carina920
v8bgffp,Magia Baiser,Gushing over Magical Girls,3184,6,,,,,,2,,0,carina920
v8bh7x6,Mahiru Koizumi,Danganronpa 2: Goodbye Despair,45594,2,,,,,,2,,0,carina920
v8bhkqj,Kaido,One Piece,9844,4,,,,,,0,,0,carina920
v8bhn64,Rensuke Kunigami,Blue Lock,5102,2,,,,,,2,,0,carina920
v8bj5ff,Charlie,Reverse: 1999,5251,3,,,,,,2,,0,carina920
v8bj8lh,Yuri Briar,Spy x Family,3917,7,,,,,,1,,0,carina920
v8bjqhc,Ruka Urushibara,Steins;Gate,13130,4,,,,,,1,,0,carina920
v8bkqtg,Kyouko Kirigiri,Danganronpa: The Animation,16980,1,,,,,,2,,0,carina920
v8bl18g,Morgan,Fate/Grand Order,15703,2,,,,,,3,,0,carina920
v8bl1g8,EMIYA (Assassin),Fate/Grand Order,30890,3,,,,,,1,,0,haide0309
v8bl7zh,Johan Liebert,Monster,4278,7,,,,,,2,,0,carina920
v8bl8s5,Mitsuyoshi Anzai,Slam Dunk,12955,4,,,,,,3,,0,haide0309
v8blksg,Rappa,Honkai: Star Rail,895,3,,,,,,2,,0,carina920
v8blz53,Harley Quinn,Batman Ninja,12873,4,,,,,,1,,0,carina920
v8bmdwc,Tusk,JoJo's Bizarre Adventure: Steel Ball Run,21370,1,,,,,,0,,0,carina920
v8bn7ps,Overhaul,My Hero Academia 3,29128,2,,,,,,3,,0,carina920
v8bnc3t,Rei Mikuni,Collar X Malice,51725,2,,,,,,4,,0,carina920
v8bnctg,Kaedehara Kazuha,Genshin Impact,3857,7,,,,,,2,,0,carina920
v8bnf80,Jahoda,Genshin Impact,1919,3,,,,,,2,,0,carina920
v8bnhh1,Fugue,Honkai: Star Rail,1089,3,,,,,,3,,0,carina920
v8bnmc1,Mona,Genshin Impact,3719,7,,,,,,2,,0,carina920
v8bp02r,Sasaki Shuumei,Sasaki and Miyano,3785,7,,,,,,2,,0,carina920
v8bp0h4,Piplup,Pokémon: Diamond & Pearl,3360,2,,,,,,2,,0,carina920
v8bq6wx,Shinjurou Rengoku,Demon Slayer: Kimetsu no Yaiba the Movie: Mugen Train,35988,2,,,,,,3,,0,carina920
v8bqbrv,Gakushu Asano,Assassination Classroom,51637,2,,,,,,0,,0,carina920
v8bqksb,Rui,Demon Slayer: Kimetsu no Yaiba,15730,4,,,,,,4,,0,carina920
v8bqnmb,Cipher,Honkai: Star Rail,602,5,,,,,,2,,0,carina920
v8bqtwl,Hyakkimaru,Dororo,4281,7,,,,,,1,,0,carina920
v8btlhb,Zack Fair,Final Fantasy VII,3656,5,,,,,,2,,0,haide0309
v8btnz8,Lynx,Honkai: Star Rail,1731,5,,,,,,1,,0,carina920
v8btvwl,Ilulu,Miss Kobayashi's Dragon Maid S,15307,3,,,,,,3,,0,haide0309
v8bv4tr,Sailor Saturn,Sailor Moon S,28250,3,,,,,,1,,0,carina920
v8bv50k,Sailor Venus,Sailor Moon,14824,1,,,,,,2,,0,carina920
v8bvkt1,Tanaka,Tanaka-kun is Always Listless,13951,4,,,,,,1,,0,carina920
v8bvmkh,Neuvillette,Genshin Impact,1340,6,,,,,,2,,0,carina920
v8bz8gb,Tatsuki Arisawa,Bleach,1480,6,,,,,,2,,0,carina920
v8bzq44,Boa Hancock,One Piece,8439,5,,,,,,2,,0,carina920
v8bzq7p,Vermeil,Vermeil in Gold,6304,6,,,,,,3,,0,carina920
v8bzsw4,Touko Fukawa,Danganronpa: The Animation,18499,1,,,,,,3,,0,carina920
v8h09t2,Di Amon,Bastard!!,7722,5,,,,,,4,,0,haide0309
v8h0jbl,Sorata Kanda,The Pet Girl of Sakurasou,20018,3,,,,,,2,,0,haide0309
v8h0jrh,Alolan Ninetales,Pokémon Sun & Moon,51270,2,,,,,,2,,0,haide0309
v8h0m0k,Kyousuke Sawaki,Taimanin Asagi,81583,1,,,,,,1,,0,haide0309
v8h0v8l,Yume's Father,Mewkledreamy,50448,2,,,,,,1,,0,haide0309
v8h11d0,Osomatsu Matsuno,Osomatsu-kun (1988),18562,3,,,,,,2,,0,haide0309
v8h1x96,Spinda,Pokémon Advanced,45238,2,,,,,,0,,0,haide0309
v8h2gf6,Vergille Strauss,Apfelland Monogatari,83766,1,,,,,,3,,0,haide0309
v8h33n7,Kaun,Reikenzan: Hoshikuzu-tachi no Utage,33001,3,,,,,,3,,0,haide0309
v8h3b99,Tadashi Mutou,Slam Dunk,45300,2,,,,,,3,,0,haide0309
v8h3zk8,Bakumon,Digimon Adventure 02,38860,1,,,,,,4,,0,haide0309
v8h3zk9,Dikke,Reverse: 1999,1388,5,,,,,,3,,0,carina920
v8h4gsd,Kanna Kubokura,Fuuto PI,13240,2,,,,,,1,,0,haide0309
v8h4km5,Samson,Fire Emblem: Shadow Dragon and the Blade of Light,45409,1,,,,,,2,,0,haide0309
v8h4pg0,Kyouko Ozaki,Shiki,84432,1,,,,,,2,,0,haide0309
v8h4znv,Hunter License,Hunter x Hunter,21960,3,,,,,,0,,0,haide0309
v8h5s34,Hop,Pokémon: Twilight Wings,83125,1,,,,,,2,,0,haide0309
v8h6m6d,Semiramis,Fate/Apocrypha,18402,1,,,,,,2,,0,haide0309
v8h6xl9,Rosalie Lamorlière,The Rose of Versailles,4226,7,,,,,,2,,0,haide0309
v8h6z68,Najenda,Akame ga Kill!,11767,5,,,,,,2,,0,haide0309
v8h7q0v,Girafarig,Pokémon,84671,1,,,,,,2,,0,haide0309
v8h7r2n,Sheriff Bananya,Bananya and the Curious Bunch,84251,1,,,,,,3,,0,haide0309
v8h809j,Tengen Toppa Dai-Gurren,Gurren Lagann The Movie: The Lights in the Sky are Stars,73235,1,,,,,,3,,0,haide0309
v8h8crs,Katen,Bleach,1835,3,,,,,,3,,0,haide0309
v8hbswg,Tsugumi Haraki,Mangirl! Asobu Henshuu Girl,84733,1,,,,,,2,,0,haide0309
v8hdlkm,Ai Mikaze,Uta no Prince-sama: Maji Love 2000%,148,7,,,,,,2,,0,haide0309
v8hdzzp,Gigazombie,Doraemon: Nobita at the Birth of Japan (2016),8653,2,,,,,,1,,0,haide0309
v8hhhxg,Thoreau,Honkai Impact 3rd,15101,1,,,,,,2,,0,haide0309
v8hhkd7,Opera,Metallic Rouge,949,3,,,,,,1,,0,haide0309
v8hhq7k,Zoe Baker,Resident Evil 7: Biohazard,7578,6,,,,,,3,,0,haide0309
v8hjnkh,Icarus,Tower of Fantasy,874,4,,,,,,3,,0,haide0309
v8hkcfc,Shiho Miyano,Detective Conan,66847,1,,,,,,4,,0,haide0309
v8hkgvr,Görz,Izetta: The Last Witch,83991,1,,,,,,1,,0,haide0309
v8hl6mt,Corocorokuririn,Hello Kitty's Animation Theater,47818,2,,,,,,3,,0,carina920
v8hltr2,Jake,I've Somehow Gotten Stronger When I Improved My Farm-Related Skills,3669,2,,,,,,3,,0,haide0309
v8hm954,Dan Kuso,Bakugan Battle Brawlers: Mechtanium Surge,84394,1,,,,,,2,,0,haide0309
v8hmc9v,Felix,Endride,84718,1,,,,,,0,,0,haide0309
v8hmmd7,Alex,Kujibiki Unbalance,83752,1,,,,,,2,,0,haide0309
v8hnckw,Nomo,Cross Game,83685,1,,,,,,1,,0,haide0309
v8hnvzj,Hiroshi Uchiyamada,Great Teacher Onizuka,6324,6,,,,,,4,,0,haide0309
v8hp72z,Elsa Granhiert,Re:ZERO -Starting Life in Another World-,32871,1,,,,,,1,,0,carina920
v8hp864,Tobiume,Bleach,471,2,,,,,,2,,0,carina920
v8hpbks,Chuchu's Demi Trainer,Mobile Suit Gundam: The Witch from Mercury,9315,2,,,,,,1,,0,haide0309
v8hpjtz,Obsidian,Land of the Lustrous,84070,1,,,,,,2,,0,haide0309
v8hpnt0,Flare,Fire Force,84034,1,,,,,,2,,0,haide0309
v8hpqrp,Mao,Kemono Jihen,32040,3,,,,,,2,,0,haide0309
v8hpsp2,Avexis,Dragon Age: Dawn of the Seeker,84560,1,,,,,,2,,0,haide0309
v8hq72t,Diana Cavendish,Little Witch Academia,8259,5,,,,,,1,,0,carina920
v8hqb8g,Ai Yamabuki,Date a Live,4054,7,,,,,,3,,0,haide0309
v8hqjqg,Leafa,Sword Art Online,8507,5,,,,,,4,,0,carina920
v8hr0fd,Baron,A Tree of Palme,84246,1,,,,,,1,,0,haide0309
v8hr6qq,Stone Free,JoJo's Bizarre Adventure: Stone Ocean,6460,6,,,,,,4,,0,carina920
v8hrcfs,Bogan,The Aristocrat's Otherworldly Adventure: Serving Gods Who Go Too Far,9502,4,,,,,,0,,0,haide0309
v8hrflw,Corone,Farming Life in Another World,4489,3,,,,,,3,,0,haide0309
v8hrpl7,Sex Pistols,JoJo's Bizarre Adventure: Golden Wind,98,7,,,,,,3,,0,haide0309
v8hrt86,Gemma Garrison,Scarlet Nexus,42084,2,,,,,,2,,0,haide0309
v8hs6pm,El Condor Pasa,Uma Musume: Pretty Derby,6493,6,,,,,,3,,0,haide0309
v8hs87d,Lord Boros,One-Punch Man,84259,1,,,,,,0,,0,haide0309
v8hs9mq,Man,Angel's Egg,13243,4,,,,,,2,,0,haide0309
v8hsb6n,Chonbo,Tokyo Revengers,26198,3,,,,,,2,,0,haide0309
v8hsclg,Clibarri,Mobile Suit Gundam: The Witch from Mercury,23869,2,,,,,,2,,0,haide0309
v8hskt4,Godzilla,Godzilla Singular Point,13242,2,,,,,,2,,0,haide0309
v8hsl8m,Mariella,La Storia Della Arcana Famiglia,84282,1,,,,,,2,,0,haide0309
v8htwll,Hardtack,Food Fantasy,8821,4,,,,,,3,,0,haide0309
v8htx7z,Toma Hiragi,Wind Breaker,976,3,,,,,,0,,0,haide0309
v8hv54f,Hanabusa Seki,Nabari no Ou,83963,1,,,,,,1,,0,haide0309
v8hvf6r,Kumi,Jinsei,84443,1,,,,,,2,,0,haide0309
v8hvfwk,Achilles Polandwood,Mars Daybreak,84154,1,,,,,,0,,0,haide0309
v8hxb85,Mu Kusunoki,MILGRAM,35,4,,,,,,2,,0,carina920
v8hxf4n,Elira Pendora,Nijisanji EN,19229,2,,,,,,2,,0,haide0309
v8hxhrm,Guinaifen,Honkai: Star Rail,7441,3,,,,,,2,,0,carina920
v8hxpcx,Tenshinhan,Dragon Ball Z,84510,1,,,,,,0,,0,haide0309
v8hxvn9,Hinata,Buddy Daddies,4968,5,,,,,,2,,0,haide0309
v8hz1lg,Redolf Fibel,Akashic Records of Bastard Magic Instructor,83998,1,,,,,,3,,0,haide0309
v8hz35f,Café au Lait,Food Fantasy,13766,2,,,,,,2,,0,haide0309
v8hz9rd,Akiko Natsume,All Purpose Cultural Cat Girl Nuku Nuku,84096,1,,,,,,2,,0,haide0309
v8hzkb3,Alpha The Magnet Warrior,Yu-Gi-Oh! Duel Monsters,81422,1,,,,,,1,,0,haide0309
v8hzm6x,Itsuki,Yu Yu Hakusho,84392,1,,,,,,4,,0,haide0309
v8k0461,Zamazenta,Pokémon Journeys: The Series,50611,2,,,,,,1,,0,carina920
v8k046z,Kaeya,Genshin Impact,4175,7,,,,,,2,,0,carina920
v8k0c2s,Cristallo,Reverse: 1999,1716,4,,,,,,1,,0,carina920
v8k1d2v,Susamaru,Demon Slayer: Kimetsu no Yaiba,51505,2,,,,,,2,,0,carina920
v8k1pnq,Burrito,Food Fantasy,7330,2,,,,,,0,,0,carina920
v8k20b0,Ash's Snorlax,Pokémon,84111,1,,,,,,4,,0,carina920
v8k21rj,Akihito Kanbara,Beyond the Boundary,84229,1,,,,,,0,,0,carina920
v8k2571,Yasuhiro Isshiki,Collar X Malice,52010,2,,,,,,2,,0,carina920
v8k2npw,Shirayuki,Snow White with the Red Hair,6130,6,,,,,,2,,0,carina920
v8k2r3t,Tubby,Genshin Impact,58843,1,,,,,,3,,0,carina920
v8k4fx1,The Time,Cardcaptor Sakura,50882,2,,,,,,4,,0,carina920
v8k78k9,Marika,Chillin' in My 30s after Getting Fired from the Demon King's Army,3749,7,,,,,,1,,0,carina920
v8k8msz,Ryouta Mitarai,Danganronpa 3: The End of Hope's Peak Academy - Future Arc,32635,1,,,,,,2,,0,carina920
v8kd03r,Magia Baiser,Gushing over Magical Girls,2804,4,,,,,,2,,0,carina920
v8kfrxb,Ebisu,Noragami Aragoto,29715,2,,,,,,2,,0,carina920
v8kgb01,Yukari Yukino,The Garden of Words,8154,3,,,,,,2,,0,carina920
v8khd76,Chrysanthemum Wine,Food Fantasy,31820,3,,,,,,2,,0,carina920
v8khg77,Miki Okudera,your name.,6585,6,,,,,,0,,0,carina920
v8kkms6,Yuzuru Saeki,Collar X Malice,17685,1,,,,,,1,,0,carina920
v8kl4w7,Meiko Honma,Anohana: The Flower We Saw That Day,3881,7,,,,,,0,,0,carina920
v8klh45,Aoba Wakura,Chained Soldier,808,4,,,,,,3,,0,carina920
v8kll22,Jessica,Reverse: 1999,1104,7,,,,,,3,,0,carina920
v8kmd8n,Nichika Ubuyashiki,Demon Slayer: Kimetsu no Yaiba,32333,1,,,,,,2,,0,carina920
v8kmfws,Erwin's Father,Attack on Titan 3rd Season,84250,1,,,,,,0,,0,carina920
v8kmjkp,Jinx,Arcane,12278,3,,,,,,3,,0,carina920
v8knfh0,Douma,Demon Slayer: Kimetsu no Yaiba: Entertainment District Arc,1283,7,,,,,,1,,0,carina920
v8knhrh,Yu Qilin Tea,Food Fantasy,14328,2,,,,,,2,,0,carina920
v8kp2cz,The Watery,Cardcaptor Sakura,33266,3,,,,,,2,,0,carina920
v8kpq1h,Moltres,Pokémon: The Power of One,537,2,,,,,,3,,0,carina920
v8kq04v,Hook,Honkai: Star Rail,10904,4,,,,,,2,,0,carina920
v8kqlh8,Subaru Sakamaki,Diabolik Lovers,29580,2,,,,,,3,,0,carina920
v8kqtx8,Eight-Treasure Rice,Food Fantasy,10462,3,,,,,,2,,0,carina920
v8kqwk6,Poli,Nikke: Goddess of Victory,3899,7,,,,,,3,,0,carina920
v8ks79l,Hoopa Confined,Pokémon XY,368,4,,,,,,4,,0,carina920
v8kt0fn,Fuwawa Abyssgard,Hololive EN,258,4,,,,,,2,,0,carina920
v8ktpwq,Wendy Marvell,Fairy Tail,3863,7,,,,,,2,,0,carina920
v8ktz79,Carla Jaeger,Attack on Titan,34178,2,,,,,,1,,0,carina920
v8kvb4f,Poké Ball,Pokémon,13044,4,,,,,,4,,0,carina920
v8kw4wm,Violet Evergarden,Violet Evergarden,3856,7,,,,,,4,,0,carina920
v8kwdlm,Serval,Honkai: Star Rail,4995,3,,,,,,1,,0,carina920
v8kzdl4,Lucy Steel,JoJo's Bizarre Adventure: Steel Ball Run,9033,1,,,,,,2,,0,carina920
v8kzh81,Euphyllia Magenta,Tensei Oujo to Tensai Reijou no Mahou Kakumei,5680,5,,,,,,2,,0,carina920
v8kzjn5,Hu Tao,Genshin Impact,3915,7,,,,,,3,,0,carina920
v8kzlhp,The Wood,Cardcaptor Sakura,32768,1,,,,,,2,,0,carina920
v8kzmdp,Sevika,Arcane,10877,2,,,,,,0,,0,carina920
v8kzvpg,The Big,Cardcaptor Sakura,29779,2,,,,,,2,,0,carina920
v8q1blm,The Sleep,Cardcaptor Sakura,50997,2,,,,,,3,,0,carina920
v8q3xhb,Shion Sonozaki,When They Cry: Higurashi,6400,6,,,,,,1,,0,carina920
v8q7j5j,Fuji Shikimori,Shikimori's Not Just a Cutie,14852,4,,,,,,0,,0,haide0309
v8q7jdl,Lirenkus's Mother,High School DxD Hero,84176,1,,,,,,3,,0,haide0309
v8q7kqt,Madoka's Sister,Kimagure Orange Road,83908,1,,,,,,1,,0,haide0309
v8q7tm9,Rouge,Nikke: Goddess of Victory,4742,5,,,,,,3,,0,carina920
v8q7v4l,Shoutarou Ono,Special Duty Combat Unit Shinesman,30712,1,,,,,,1,,0,haide0309
v8q85tk,Lu Guang,Link Click,3816,7,,,,,,2,,0,haide0309
v8q8r3l,Itsuki Sumeragi,Kakegurui,33060,3,,,,,,2,,0,haide0309
v8q8r4w,Valefor,Magi: Adventure of Sinbad OVA,8239,2,,,,,,2,,0,haide0309
v8q8rkg,Sachiko Tanaka,Ultimate Otaku Teacher,83600,1,,,,,,2,,0,haide0309
v8q8stv,Welt Yang,Honkai Impact 3rd,21876,3,,,,,,2,,0,carina920
v8q8wt3,Kirito Kamui,Psycho-Pass 2,84253,1,,,,,,3,,0,haide0309
v8q9hvn,May's Eevee,Pokémon Advanced,44103,2,,,,,,1,,0,carina920
v8qcgk0,Himeno Ayanokoji,Love Live! Nijigasaki High School Idol Club,51139,2,,,,,,3,,0,haide0309
v8qd1f9,Touma Akechi,The Disastrous Life of Saiki K. 2nd Season,8941,5,,,,,,3,,0,haide0309
v8qd70b,Kasumi,Black Fox,84449,1,,,,,,4,,0,haide0309
v8qdmql,Uchika Hanesaki,Hanebado!,84242,1,,,,,,3,,0,haide0309
v8qj61f,Magikarp,Pokémon,17455,2,,,,,,3,,0,carina920
v8ql53q,Niccolo,Attack on Titan: The Final Season,26377,2,,,,,,3,,0,haide0309
v8qp9tt,Lowe Gear,Mobile Suit Gundam SEED MSV Astray,84248,1,,,,,,1,,0,haide0309
v8qq730,Hana Shiraboshi,Crash!,84166,1,,,,,,2,,0,haide0309
v8qswf3,Otoko Hotaruzuka,Today's Menu for Emiya Family,79667,1,,,,,,1,,0,haide0309
v8qt62j,Usami-chan,Gag Manga Biyori,84039,1,,,,,,4,,0,haide0309
v8qtngs,Ibara Shiozaki,My Hero Academia 2,29088,1,,,,,,1,,0,haide0309
v8qxw66,Confused Detective,Mitchiri Neko,83632,1,,,,,,3,,0,haide0309
v8qzz02,Reimi Sugimoto,JoJo's Bizarre Adventure: Diamond Is Unbreakable,19721,4,,,,,,2,,0,carina920
v8w16vp,Rihito Sajou,Doukyuusei,13040,4,,,,,,2,,0,carina920
v8w4p2g,Daiya Irma,86 EIGHTY-SIX,202,2,,,,,,3,,0,carina920
v8w51rp,Selena (Capriccio),Punishing Gray Raven,67,7,,,,,,2,,0,carina920
v8w8tv0,Satoko Houjou,When They Cry: Higurashi,5726,6,,,,,,3,,0,carina920
v8wc09l,Skewer,Food Fantasy,16363,1,,,,,,4,,0,carina920
v8wc465,Xerxes Break,Pandora Hearts,3963,7,,,,,,4,,0,carina920
v8wcpgt,Reinhard van Astrea,Re:ZERO -Starting Life in Another World-,297,3,,,,,,3,,0,carina920
v8wdh81,Minako Aino,Sailor Moon,9255,5,,,,,,3,,0,carina920
v8wh8zl,Takada,Jujutsu Kaisen,48895,2,,,,,,1,,0,carina920
v8wncmw,Qiqi,Genshin Impact,4054,7,,,,,,3,,0,carina920
v8wsk87,Hifumi Yamada,Danganronpa: The Animation,51116,2,,,,,,2,,0,carina920
v8wspxt,Faruzan,Genshin Impact,1394,4,,,,,,2,,0,carina920
v8wst7h,The Firey,Cardcaptor Sakura,32748,3,,,,,,1,,0,carina920
v8wvbcf,Koinatsu,Demon Slayer: Kimetsu no Yaiba: Entertainment District Arc,24443,3,,,,,,1,,0,carina920
v8wx23g,Kisuke Urahara,Bleach,18803,2,,,,,,1,,0,carina920
v8wxbvl,The Colorless King,K-Project,50863,2,,,,,,1,,0,carina920
vl0w4ld,Shippo,InuYasha,50122,2,,,,,,2,,0,carina920
vlmpkfh,Shino Asada,Sword Art Online II,6025,6,,,,,,2,,0,carina920
vp1fw3m,Meiling Li,Cardcaptor Sakura,4173,6,,,,,,2,,0,carina920
vp5nbn8,The Voice,Cardcaptor Sakura,44457,2,,,,,,0,,0,carina920
vpfzprw,Pandoro,Food Fantasy,7560,2,,,,,,2,,0,carina920
vpkvll1,Lotus-Stuffed Glutinous Rice,Food Fantasy,3847,2,,,,,,2,,0,carina920
vpnl6v7,Wensi Tofu,Food Fantasy,25922,2,,,,,,4,,0,carina920
vpt6xvx,Heiji Hattori,Detective Conan,6955,5,,,,,,2,,0,carina920
#1,Mikan Tsumiki,Danganronpa 2: Goodbye Despair,,,rare,1,Monochroma 2026,1,6,,,0,haide0309
#10,Kiyotaka Ayanokouji,Classroom of the Elite,,,rare,1,Monochroma 2026,10,8,,,0,haide0309
#100,Seongbin Cha,My Comeback as the Youngest Member,,,rare,0,,100,2,,,0,haide0309
#101,"Baxen, Minsuk, Lee, & Diesel",Wolf in the House,,,rare,1,Group 2026,101,1,,,0,haide0309
#102,Juun,Hearts2Hearts,,,rare,0,,102,2,,,0,haide0309
#103,Johnny Joestar,JoJo's Bizarre Adventure,,,rare,1,Monochroma 2026,103,6,,,0,haide0309
#104,Leo,VIXX,,,rare,0,,104,1,,,0,haide0309
#105,Shiho Hinomori,Project SEKAI: Colorful Stage!,,,sr,0,,105,13,,,0,haide0309
#106,Luke Pearce,Tears of Themis,,,rare,0,,106,11,,,0,haide0309
#107,"Taro, Shin & Yoichi",Sakamoto Days,,,rare,1,Group 2026,107,1,,,0,haide0309
#108,Shinra Kusakabe,Fire Force,,,rare,0,,108,6,,,0,haide0309
#109,Yukiko Amagi,Persona 4,,,rare,0,,109,4,,,0,haide0309
#11,Marcille Donato,Delicious in Dungeon,,,rare,1,Monochroma 2026,11,18,,,0,haide0309
#110,Nazuna Nito,Ensemble Stars!!,,,rare,0,,110,4,,,0,haide0309
#111,"Richard III, Henry Buckingham, & William Catesby",Requiem of the Rose King,,,rare,1,Group 2026,111,1,,,0,haide0309
#112,Mary Sue,The Saga of Tanya the Evil,,,rare,0,,112,1,,,0,haide0309
#113,Qiao Ling,Link Click,,,rare,0,,113,7,,,0,haide0309
#114,Petro Zevillon,Fortune-Telling Lady,,,rare,0,,114,3,,,0,haide0309
#115,Sariel,Light and Night,,,rare,1,Monochroma 2026,115,12,,,0,haide0309
#116,Granblue Fantasy,Granblue Fantasy,,,rare,1,Group 2026,116,1,,,0,haide0309
#117,"Yato, Hiyori Iki, & Yukine",Noragami,,,rare,1,Group 2026,117,1,,,0,haide0309
#118,Elma,Miss Kobayashi's Dragon Maid,,,rare,0,,118,1,,,0,haide0309
#119,Luna,Punishing: Gray Raven,,,rare,1,Monochroma 2026,119,13,,,0,haide0309
#12,Ryou Yoake,ReLIFE,,,rare,0,,12,1,,,0,haide0309
#120,Satoru Gojou,Jujutsu Kaisen,,,rare,1,Monochroma 2026,120,31,,,0,haide0309
#121,Shin Asakura,Sakamoto Days,,,ssr,1,Monochroma 2026,121,16,,,0,haide0309
#122,Kaname Kuran,Vampire Knight,,,rare,1,Monochroma 2026,122,4,,,0,haide0309
#123,Funny Valentine,JoJo's Bizarre Adventure,,,rare,0,,123,1,,,0,haide0309
#124,Claire Redfield,Resident Evil,,,rare,1,Monochroma 2026,124,7,,,0,haide0309
#125,Rin Sawaki,Dandadan,,,rare,1,Monochroma 2026,125,1,,,0,haide0309
#126,Yume Nijino,Aikatsu!,,,rare,0,,126,3,,,0,haide0309
#127,Luca Balsa,Identity V,,,rare,0,,127,4,,,0,haide0309
#128,Ashley,Life Makeover,,,rare,0,,128,1,,,0,haide0309
#129,Yuzuki Yukari,Vocaloid,,,rare,0,,129,1,,,0,haide0309
#13,Nene Yashiro,Toilet-bound Hanako-kun,,,rare,1,Monochroma 2026,13,20,,,0,haide0309
#130,"Martin, Juhoon & Keonho",CORTIS,,,rare,1,Group 2026,130,1,,,0,haide0309
#131,Heartslabyul,Twisted Wonderland,,,rare,1,Group 2026,131,1,,,0,haide0309
#132,Takane Takamine,"Please Put Them On, Takamine-san",,,rare,1,Monochroma 2026,132,12,,,0,haide0309
#133,Kenyu Yukimiya,Blue Lock,,,rare,1,Monochroma 2026,133,10,,,0,haide0309
#134,Mitsuki Koga,The Guy She Was Interested in Wasn't a Guy at All,,,rare,1,Monochroma 2026,134,11,,,0,haide0309
#135,Revy,Black Lagoon,,,rare,0,,135,2,,,0,haide0309
#136,Rui Kamishiro,Project SEKAI: Colorful Stage!,,,rare,1,Monochroma 2026,136,25,,,0,haide0309
#137,Seo Hoyoon,The Rogue Producer Survives as an Idol,,,rare,0,,137,5,,,0,haide0309
#138,Alm,Fire Emblem Echoes: Shadows of Valentia,,,rare,0,,138,3,,,0,haide0309
#139,Tanya,The Saga of Tanya the Evil,,,rare,1,Monochroma 2026,139,11,,,0,haide0309
#14,"Yumeoi, Kuroi, & Machita",Nijisanji,,,rare,1,Group 2026,14,1,,,0,haide0309
#140,Genos,One Punch Man,,,sr,1,Monochroma 2026,140,5,,,0,haide0309
#141,"Chizuru, Sumi, Ruka, Mami & Mini",Rent a Girlfriend,,,rare,1,Group 2026,141,1,,,0,haide0309
#142,Senshi,Delicious in Dungeon,,,rare,0,,142,5,,,0,haide0309
#143,"Momo, Ken, Aira, Jin & Seiko",Dandadan,,,rare,1,Group 2026,143,1,,,0,haide0309
#144,The Nakanos,The Quintessential Quintuplets,,,rare,1,Group 2026,144,1,,,0,haide0309
#145,Yuuko Ichihara,xxxHOLiC,,,rare,1,Monochroma 2026,145,7,,,0,haide0309
#146,Belial,Granblue Fantasy,,,rare,0,,146,2,,,0,haide0309
#147,Vanitas,The Case Study of Vanitas,,,rare,0,,147,10,,,0,haide0309
#148,Giyuu Tomioka,Demon Slayer: Kimetsu no Yaiba,,,rare,1,Monochroma 2026,148,16,,,0,haide0309
#149,Till,Alien Stage,,,rare,0,,149,5,,,0,haide0309
#15,Qin Shi Huang,Record of Ragnarok,,,rare,0,,15,2,,,0,haide0309
#150,Tohka Yatogami,Date A Live,,,sr,1,Monochroma 2026,150,14,,,0,haide0309
#151,Tobio Kageyama,Haikyu!!,,,rare,1,Monochroma 2026,151,12,,,0,haide0309
#152,Cyno,Genshin Impact,,,rare,0,,152,2,,,0,haide0309
#153,Chang-deok,After a Meal,,,rare,0,,153,3,,,0,haide0309
#154,Yukari Yakumo,Touhou,,,sr,0,,154,1,,,0,haide0309
#155,Gray Fullbuster,Fairy Tail,,,rare,1,Monochroma 2026,155,13,,,0,haide0309
#156,"Dokja, Sooyoung & Joonghyuk",Omniscient Reader's Viewpoint,,,rare,1,Group 2026,156,2,,,0,haide0309
#157,Sesshomaru,Inuyasha,,,sr,1,Monochroma 2026,157,5,,,0,haide0309
#158,Conan Edogawa,Detective Conan,,,rare,0,,158,6,,,0,haide0309
#159,Mukuro Hoshimiya,Date A Live IV,,,rare,0,,159,1,,,0,haide0309
#16,Johnny Joestar,JoJo's Bizarre Adventure,,,rare,1,Monochroma 2026,16,6,,,0,haide0309
#160,Alhaitham,Genshin Impact,,,rare,1,Monochroma 2026,160,13,,,0,haide0309
#161,"Miku, Meiko, Mimikyu & Cubone",Pokemon / Vocaloid,,,rare,1,Group 2026,161,1,,,0,haide0309
#162,Chiori,Genshin Impact,,,rare,0,,162,2,,,0,haide0309
#163,Yu Sui,FOG E-Sports,,,rare,0,,163,2,,,0,haide0309
#164,Melascula,The Seven Deadly Sins,,,rare,0,,164,1,,,0,haide0309
#165,B.B x MTC,Hypnosis Mic,,,rare,1,Group 2026,165,1,,,0,haide0309
#166,"Yu, Rise, Chie & Yukiko",Persona 4,,,rare,1,Group 2026,166,1,,,0,haide0309
#167,"Iroha, Yui, & Yukino",My Teen Romantic Comedy SNAFU,,,rare,1,Group 2026,167,1,,,0,haide0309
#168,Wu Zhu,Welcome To The Nightmare Live,,,rare,1,Monochroma 2026,168,4,,,0,haide0309
#169,Lu Xiaotang,Sakamoto Days,,,rare,0,,169,1,,,0,haide0309
#17,Akito Shinonome,Project SEKAI: Colorful Stage!,,,rare,0,,17,13,,,0,haide0309
#170,Zani,Wuthering Waves,,,rare,0,,170,7,,,0,haide0309
#171,Choubei Aza,Hell's Paradise,,,rare,0,,171,1,,,0,haide0309
#172,Yuta Kujo,Pearl Boy: Ignite the Dawn,,,rare,0,,172,1,,,0,haide0309
#173,"Ban, Diane, Meliodas, King, & Gowther",The Seven Deadly Sins,,,rare,1,Group 2026,173,1,,,0,haide0309
#174,"Sho, Akira & Masato",Tokyo Aliens,,,rare,1,Group 2026,174,1,,,0,haide0309
#175,Seijuurou Akashi,Kuroko's Basketball,,,rare,1,Monochroma 2026,175,6,,,0,haide0309
#176,Ryuusei Shidou,Blue Lock,,,rare,1,Monochroma 2026,176,14,,,0,haide0309
#177,Haru Seong,Questism,,,rare,0,,177,2,,,0,haide0309
#178,Kei Uzuki,Sakamoto Days,,,rare,1,Monochroma 2026,178,5,,,0,haide0309
#179,Astral Express,Honkai: Star Rail,,,rare,1,Group 2026,179,1,,,0,haide0309
#18,"Joe, Keiji, Gin, Kazumi & Sara",Your Turn To Die,,,rare,1,Group 2026,18,1,,,0,haide0309
#180,"Jun, THE8 & Mingyu",SEVENTEEN,,,rare,1,Group 2026,180,1,,,0,haide0309
#181,Shiro,No Game No Life,,,rare,1,Monochroma 2026,181,11,,,0,haide0309
#182,Pochita,Chainsaw Man,,,rare,0,,182,1,,,0,haide0309
#183,Bianca Crawford,"I'm a Villainess, but I Won't Live Like One",,,rare,0,,183,1,,,0,haide0309
#184,Kusuo Saiki,The Disastrous Life of Saiki K.,,,rare,1,Monochroma 2026,184,7,,,0,haide0309
#185,Misa Amane,Death Note,,,rare,1,Monochroma 2026,185,7,,,0,haide0309
#186,Wu Zhu,Welcome To The Nightmare Live,,,rare,1,Monochroma 2026,186,4,,,0,haide0309
#187,Mitsuki Koga,The Guy She Was Interested in Wasn't a Guy at All,,,rare,1,Monochroma 2026,187,11,,,0,haide0309
#188,"Rae, Claire, May & Aleah",I'm in Love with the Villainess,,,rare,1,Group 2026,188,1,,,0,haide0309
#189,Kim Dokja,Omniscient Reader's Viewpoint,,,rare,0,,189,5,,,0,haide0309
#19,V Sisters,Uma Musume: Pretty Derby,,,rare,1,Group 2026,19,1,,,0,haide0309
#190,F/ACE,Tamon's B-Side,,,rare,1,Group 2026,190,1,,,0,haide0309
#191,Trey Clover,Twisted Wonderland,,,rare,1,Monochroma 2026,191,11,,,0,haide0309
#192,Tawil,I Became a God In a Horror Game,,,rare,0,,192,4,,,0,haide0309
#193,"Shindou, Touya & Yashiro",Hikaru no Go,,,rare,1,Group 2026,193,1,,,0,haide0309
#194,Olruggio,Witch Hat Atelier,,,rare,1,Monochroma 2026,194,6,,,0,haide0309
#195,Ash Jones,Define the Relationship,,,rare,0,,195,2,,,0,haide0309
#196,"Martha, Alice & Jack",Identity V,,,rare,1,Group 2026,196,1,,,0,haide0309
#197,Odette,Mobile Legends: Bang Bang,,,rare,0,,197,1,,,0,haide0309
#198,Timekeeper Cookie,Cookie Run Series,,,rare,0,,198,7,,,0,haide0309
#199,"Makoto, Kyoko & Monokuma",Danganronpa: Trigger Happy Havoc,,,rare,1,Group 2026,199,1,,,0,haide0309
#2,Kurome,Akame ga Kill!,,,rare,1,Monochroma 2026,2,2,,,0,haide0309
#20,"Shiemi, Mephisto, Rin, Kuro, & Yukio",Blue Exorcist,,,sr,1,Group 2026,20,1,,,0,haide0309
#200,"Hanae, Fuzzy & Haruitsuki",The Morose Mononokean,,,rare,1,Group 2026,200,1,,,0,haide0309
#201,Neuro-sama,Mythic Talent,,,ssr,0,,201,3,,,0,haide0309
#202,Darkness,KonoSuba: Gods Blessing on This Wonderful World!,,,rare,0,,202,4,,,0,haide0309
#203,Mikuru Kobayashi,Precure Series,,,sr,0,,203,4,,,0,haide0309
#204,"Sasuke, Sakura, & Naruto",Naruto,,,rare,1,Group 2026,204,1,,,0,haide0309
#205,"Leon, Ada & Claire",Resident Evil,,,rare,1,Group 2026,205,1,,,0,haide0309
#206,"Dakyung, Jeongwoon & Jaehyung",Undercover! Chaebol High School,,,rare,1,Group 2026,206,1,,,0,haide0309
#207,"AUBREY, HERO, OMORI, & KEL",OMORI,,,rare,1,Group 2026,207,1,,,0,haide0309
#208,"Iruma, Clara, & Alice",Welcome to Demon School! Iruma-kun,,,rare,1,Group 2026,208,1,,,0,haide0309
#209,Tsukushi Futaba,BanG Dream!,,,rare,0,,209,10,,,0,haide0309
#21,"Kirito, Eugeo, Asuna, & Alice",Sword Art Online: Alicization,,,rare,1,Group 2026,21,1,,,0,haide0309
#210,Heaven's Feel,Fate/stay night,,,rare,1,Group 2026,210,1,,,0,haide0309
#211,Sasuke Uchiha,Naruto,,,rare,1,Monochroma 2026,211,19,,,0,haide0309
#212,Summer Troupe,A3! Act! Addict! Actors!,,,sr,1,Group 2026,212,1,,,0,haide0309
#213,Jugram Haschwalth,Bleach,,,rare,0,,213,1,,,0,haide0309
#214,Cha Jihun,Legroom,,,rare,0,,214,4,,,0,haide0309
#215,Yoo Na-Ri,Webtoon Character Na Kang Lim,,,rare,0,,215,5,,,0,haide0309
#216,Mii-kun,How to Keep a Mummy,,,rare,0,,216,1,,,0,haide0309
#217,Misa Amane,Death Note,,,rare,1,Monochroma 2026,217,7,,,0,haide0309
#218,Shalltear Bloodfallen,Overlord,,,rare,1,Monochroma 2026,218,8,,,0,haide0309
#219,"Xiaoshi, Guang & Ling",Link Click,,,rare,1,Group 2026,219,1,,,0,haide0309
#22,"Hakos, IRyS, & Mori",Hololive,,,rare,1,Group 2026,22,1,,,0,haide0309
#220,Hikage,Senran Kagura,,,rare,0,,220,8,,,0,haide0309
#221,Tawil,I Became a God In a Horror Game,,,rare,1,Monochroma 2026,221,18,,,0,haide0309
#222,Shuumei Sasaki,Sasaki and Miyano,,,rare,1,Monochroma 2026,222,9,,,0,haide0309
#223,"Sakura, Syaoran, & Tomoyo",Cardcaptor Sakura,,,rare,1,Group 2026,223,1,,,0,haide0309
#224,"Haruko, Canti, & Naota",FLCL,,,rare,1,Group 2026,224,1,,,0,haide0309
#225,Teru Minamoto,Toilet-bound Hanako-kun,,,rare,1,Monochroma 2026,225,7,,,0,haide0309
#226,"Kazuma, Aqua, Megumin, & Darkness",KonoSuba: Gods Blessing on This Wonderful World!,,,rare,1,Group 2026,226,1,,,0,haide0309
#227,"S.Coups, Dino & Vernon",SEVENTEEN,,,rare,1,Group 2026,227,1,,,0,haide0309
#228,Aleksander,Veil,,,rare,1,Monochroma 2026,228,5,,,0,haide0309
#229,"Dokja, Sooyoung & Joonghyuk",Omniscient Reader's Viewpoint,,,rare,1,Group 2026,229,2,,,0,haide0309
#23,Kaalaa Baunaa,Reverse: 1999,,,rare,0,,23,1,,,0,haide0309
#230,"Miko, Hana, & Yulia",Mieruko-chan,,,rare,1,Group 2026,230,1,,,0,haide0309
#231,Obol Squad,Zenless Zone Zero,,,rare,1,Group 2026,231,1,,,0,haide0309
#232,Mahiro Oyama,Onimai: I'm Now Your Sister!,,,rare,0,,232,2,,,0,haide0309
#233,Zero Two,Darling in the FranXX,,,rare,1,Monochroma 2026,233,12,,,0,haide0309
#234,Goku Black,Dragon Ball Series,,,rare,1,Monochroma 2026,234,7,,,0,haide0309
#235,Haruomi Shingu,Paradox Live,,,rare,0,,235,1,,,0,haide0309
#236,Pudding Fong,Tokyo Mew Mew,,,rare,0,,236,3,,,0,haide0309
#237,"Vanitas, Noé, & Murr",The Case Study of Vanitas,,,rare,1,Group 2026,237,1,,,0,haide0309
#238,Hajime Hinata,Danganronpa 2: Goodbye Despair,,,rare,0,,238,5,,,0,haide0309
#239,Rudo Surebrec,Gachiakuta,,,rare,1,Monochroma 2026,239,10,,,0,haide0309
#24,"Shizuma, Shouhei, Itsuki, & Minato",Therapy Game,,,rare,1,Group 2026,24,1,,,0,haide0309
#240,Lucy Heartfilia,Fairy Tail,,,rare,1,Monochroma 2026,240,18,,,0,haide0309
#241,Alexis Ness,Blue Lock,,,rare,1,Monochroma 2026,241,4,,,0,haide0309
#242,Tapu Lele,Pokemon,,,rare,0,,242,3,,,0,haide0309
#243,Thousand-Year Blood War,Bleach,,,rare,1,Group 2026,243,1,,,0,haide0309
#244,Hullabaloo Circus Troupe,Identity V,,,rare,1,Group 2026,244,1,,,0,haide0309
#245,Barcarola,Reverse: 1999,,,rare,0,,245,5,,,0,haide0309
#246,Jabberwock,Tokyo Debunker,,,rare,1,Group 2026,246,1,,,0,haide0309
#25,Kumin Tsuyuri,"Love, Chunibyo & Other Delusions!",,,rare,0,,25,3,,,0,haide0309
#251,Akari Mizunashi,ARIA the Animation,,,rare,0,,251,9,,,0,haide0309
#26,Jabberwock,Tokyo Debunker,,,rare,1,Group 2026,26,1,,,0,haide0309
#27,Flareon,Pokemon,,,rare,0,,27,5,,,0,haide0309
#28,"Oliver, Petkeeper, & Boss Mo",Purrfect Tale,,,rare,1,Group 2026,28,1,,,0,haide0309
#29,Shinobu Sengoku,Ensemble Stars!!,,,sr,0,,29,4,,,0,haide0309
#3,Edgar Allan Poe,Bungo Stray Dogs,,,rare,0,,3,3,,,0,haide0309
#30,Lucifer,Obey Me!,,,rare,0,,30,1,,,0,haide0309
#31,Tetia,Witch Hat Atelier,,,rare,1,Monochroma 2026,31,8,,,0,haide0309
#32,Straw Hat Pirates,One Piece,,,rare,1,Group 2026,32,1,,,0,haide0309
#33,Meursault,Limbus Company,,,rare,1,Monochroma 2026,33,15,,,0,haide0309
#34,Nico Robin,One Piece,,,rare,0,,34,23,,,0,haide0309
#35,"Milotic, Pikachu & Sylveon",Pokemon,,,rare,1,Group 2026,35,1,,,0,haide0309
#36,"Martin, Juhoon & Keonho",CORTIS,,,rare,1,Group 2026,36,1,,,0,haide0309
#37,"Kaguya, Chika, & Miko",Kaguya-sama: Love is War,,,rare,1,Group 2026,37,1,,,0,haide0309
#38,Eris Boreas Greyrat,Mushoku Tensei,,,rare,0,,38,13,,,0,haide0309
#39,Ouran Host Club,Ouran High School Host Club,,,rare,1,Group 2026,39,2,,,0,haide0309
#4,Frieren,Frieren: Beyond Journey's End,,,rare,1,Monochroma 2026,4,33,,,0,haide0309
#40,Chitoge Kirisaki,False Love,,,rare,1,Monochroma 2026,40,11,,,0,haide0309
#41,Sasaki Kojiro,Vagabond,,,rare,1,Monochroma 2026,41,1,,,0,haide0309
#42,Tsukuyo Aoba,Temple,,,rare,0,,42,1,,,0,haide0309
#43,"Shizuma, Shouhei, Itsuki, & Minato",Therapy Game,,,rare,1,Group 2026,43,1,,,0,haide0309
#44,Mari Makinami,Neon Genesis Evangelion,,,rare,1,Monochroma 2026,44,4,,,0,haide0309
#45,Vera,Punishing: Gray Raven,,,rare,0,,45,2,,,0,haide0309
#46,Yuta Okkotsu,Jujutsu Kaisen,,,rare,1,Monochroma 2026,46,11,,,0,haide0309
#47,"Yato, Hiyori Iki, & Yukine",Noragami,,,rare,1,Group 2026,47,1,,,0,haide0309
#48,Guts,Berserk,,,rare,1,Monochroma 2026,48,11,,,0,haide0309
#49,"Megumi, Yuuji & Kento",Jujutsu Kaisen,,,rare,1,Group 2026,49,1,,,0,haide0309
#5,Lexia Von Arselia,I Got a Cheat Skill in Another World and Became Unrivaled i,,,rare,0,,5,1,,,0,haide0309
#50,Takashi Natsume,Natsume's Book of Friends,,,rare,1,Monochroma 2026,50,4,,,0,haide0309
#51,Yae Rin,Honkai Series,,,rare,0,,51,2,,,0,haide0309
#52,Luka,Alien Stage,,,rare,1,Monochroma 2026,52,14,,,0,haide0309
#53,"Yato, Hiyori Iki, & Yukine",Noragami,,,rare,1,Group 2026,53,1,,,0,haide0309
#54,"Kurumi, White Queen, & Hibiki",Date A Bullet,,,rare,1,Group 2026,54,1,,,0,haide0309
#55,Josuke Higashikata,JoJo's Bizarre Adventure,,,rare,1,Monochroma 2026,55,8,,,0,haide0309
#56,"Usagi, Hachiware & Chiikawa",Chiikawa,,,rare,1,Group 2026,56,1,,,0,haide0309
#57,Hyun,XLOV,,,rare,0,,57,1,,,0,haide0309
#58,Blade,Honkai: Star Rail,,,rare,1,Monochroma 2026,58,14,,,0,haide0309
#59,Lugh Tuatha Dé,The World's Finest Assassin Gets Reincarnated in Another Wo,,,rare,0,,59,3,,,0,haide0309
#6,Mint Fantome,VTubers,,,rare,0,,6,2,,,0,haide0309
#60,Memory,Identity V,,,rare,0,,60,6,,,0,haide0309
#61,Jaeyoung Kim,Happy Twogether,,,rare,0,,61,2,,,0,haide0309
#62,Power,Chainsaw Man,,,rare,1,Monochroma 2026,62,13,,,0,haide0309
#63,Yae Sakura,Honkai Series,,,rare,0,,63,4,,,0,haide0309
#64,Lan Wangji,Grandmaster of Demonic Cultivation,,,rare,1,Monochroma 2026,64,21,,,0,haide0309
#65,"Elise, Margo & Peggy",Lady Black is Depressed,,,rare,1,Group 2026,65,1,,,0,haide0309
#66,ASL Brothers,One Piece,,,rare,1,Group 2026,66,1,,,0,haide0309
#67,Tawil,I Became a God In a Horror Game,,,rare,1,Monochroma 2026,67,18,,,0,haide0309
#68,Navia,Genshin Impact,,,rare,0,,68,1,,,0,haide0309
#69,The Nakanos,The Quintessential Quintuplets,,,rare,1,Group 2026,69,1,,,0,haide0309
#7,"S.Coups, Dino & Vernon",SEVENTEEN,,,rare,1,Group 2026,7,1,,,0,haide0309
#70,Hitagi Senjougahara,Bakemonogatari,,,rare,1,Monochroma 2026,70,20,,,0,haide0309
#71,Qifrey,Witch Hat Atelier,,,rare,1,Monochroma 2026,71,10,,,0,haide0309
#72,Zanka Nijiku,Gachiakuta,,,rare,1,Monochroma 2026,72,6,,,0,haide0309
#73,Geon-Woo Beom,The Dangerous Convenience Store,,,rare,1,Monochroma 2026,73,4,,,0,haide0309
#74,"Hanae, Fuzzy & Haruitsuki",The Morose Mononokean,,,rare,1,Group 2026,74,1,,,0,haide0309
#75,Raphtalia,The Rising of the Shield Hero,,,rare,1,Monochroma 2026,75,8,,,0,haide0309
#76,"Amelia, Beatrice, & Camilla",I Love Amy,,,rare,1,Group 2026,76,1,,,0,haide0309
#77,Kenyu Yukimiya,Blue Lock,,,rare,1,Monochroma 2026,77,10,,,0,haide0309
#78,Ann Takamaki,Persona 5,,,rare,0,,78,3,,,0,haide0309
#79,Ashe,League of Legends,,,rare,0,,79,4,,,0,haide0309
#8,Misuzu Kamio,Air,,,rare,0,,8,1,,,0,haide0309
#80,"Maomao, Xiaolan, & Shisui",The Apothecary Diaries,,,rare,1,Group 2026,80,1,,,0,haide0309
#81,"Kang, Alice, & Teresa",Solo Max-Level Newbie,,,rare,1,Group 2026,81,1,,,0,haide0309
#82,Mashed Potatoes,Food Fantasy,,,rare,0,,82,6,,,0,haide0309
#83,Yu-yu Yura,FIRST STAGE PRODUCTION,,,rare,0,,83,2,,,0,haide0309
#84,Holo,Spice and Wolf,,,rare,0,,84,9,,,0,haide0309
#85,Kalim Al-Asim,Twisted Wonderland,,,rare,0,,85,5,,,0,haide0309
#86,Lee Jihye,Omniscient Reader's Viewpoint,,,rare,1,Monochroma 2026,86,6,,,0,haide0309
#87,Chinatsu Kano,Blue Box,,,rare,1,Monochroma 2026,87,16,,,0,haide0309
#88,"Kei, Ichika, & Aiji",Collar X Malice,,,rare,1,Group 2026,88,1,,,0,haide0309
#89,"S.Coups, Dino & Vernon",SEVENTEEN,,,rare,1,Group 2026,89,1,,,0,haide0309
#9,"Sayuri, Minami & Rena",Hokkaido Gals Are Super Adorable!,,,rare,1,Group 2026,9,1,,,0,haide0309
#90,Nami,One Piece,,,rare,0,,90,24,,,0,haide0309
#91,"Manaka, Chisaki, Tsumugu, Kaname, & Hikari",A Lull in The Sea,,,rare,1,Group 2026,91,1,,,0,haide0309
#92,Lu Feng,Little Mushroom,,,rare,0,,92,13,,,0,haide0309
#93,"Belle, Wise, Seed, & Orphie",Zenless Zone Zero,,,rare,1,Group 2026,93,1,,,0,haide0309
#94,Chris Redfield,Resident Evil,,,rare,1,Monochroma 2026,94,4,,,0,haide0309
#95,"Parasoul, Umbrella, & Ms. Fortune",Skullgirls,,,rare,1,Group 2026,95,1,,,0,haide0309
#96,Oguri Cap,Uma Musume: Pretty Derby,,,rare,1,Monochroma 2026,96,9,,,0,haide0309
#97,Akane Fudou,B-Project,,,rare,0,,97,1,,,0,haide0309
#98,Raffaello Kidrey,The Villainess is a Marionette,,,rare,0,,98,1,,,0,haide0309
#99,"Hualing, Mobei-jun & Binghe",The Scum Villain's Self-Saving System,,,rare,1,Group 2026,99,1,,,0,haide0309
